date,close,volume,high,low,open
2018-04-18,177.84,20544600.0000,178.82,176.88,113.21453725178728
2018-04-17,178.24,26575010.0000,178.9365,176.41,177.81
2018-04-16,175.82,21561320.0000,176.19,174.8301,176.49
2018-04-13,174.73,25100510.0000,175.84,173.85,175.0301
2018-04-12,174.14,22858840.0000,175.0,173.04,174.78
2018-04-11,172.44,22401040.0000,173.9232,171.7,173.41
2018-04-10,173.25,28567110.0000,174.0,171.53,172.23
2018-04-09,170.05,28976200.0000,173.09,169.845,173.0
2018-04-06,168.38,34949690.0000,172.48,168.2,169.88
2018-04-05,172.8,26750260.0000,174.2304,172.08,170.97
2018-04-04,171.61,34581850.0000,172.01,164.77,172.58
2018-04-03,168.39,30237640.0000,168.7455,164.88,164.88
2018-04-02,166.68,37425640.0000,168.94,164.47,167.64
2018-03-29,167.78,38116290.0000,171.75,166.9,167.88
2018-03-28,166.48,41464880.0000,170.02,165.19,167.805
2018-03-27,168.34,39824200.0000,175.15,166.92,167.25
2018-03-26,172.77,36778560.0000,173.1,166.44,173.68
2018-03-23,164.94,40984540.0000,169.92,164.94,168.07
2018-03-22,168.85,41335980.0000,172.68,168.6,168.39
2018-03-21,171.27,36387880.0000,175.09,171.26,170.0
2018-03-20,175.24,19620520.0000,176.8,174.94,175.04
2018-03-19,175.3,32931110.0000,177.47,173.66,175.24
2018-03-16,178.02,38313330.0000,179.12,177.62,177.32
2018-03-15,178.65,22676520.0000,180.24,178.0701,178.65
2018-03-14,178.44,29334630.0000,180.52,177.81,178.5
2018-03-13,179.97,31464170.0000,183.5,179.24,180.32
2018-03-12,181.72,32191070.0000,182.39,180.21,182.59
2018-03-09,179.98,32130360.0000,180.0,177.39,180.29
2018-03-08,176.94,24518850.0000,177.12,175.07,177.96
2018-03-07,175.03,31686450.0000,175.85,174.27,175.48
2018-03-06,176.67,23273160.0000,178.25,176.13,174.94
2018-03-05,176.82,27825140.0000,177.74,174.52,177.91
2018-03-02,176.21,38426060.0000,176.3,172.45,175.21
2018-03-01,175.0,48706170.0000,179.775,172.66,172.8
2018-02-28,178.12,37568080.0000,180.615,178.05,178.54
2018-02-27,178.39,38885510.0000,180.48,178.16,179.26
2018-02-26,178.97,37353670.0000,179.39,176.21,179.1
2018-02-23,175.5,33772050.0000,175.65,173.54,176.35
2018-02-22,172.5,30953760.0000,173.95,171.71,173.67
2018-02-21,171.07,37378070.0000,174.12,171.01,171.8
2018-02-20,171.85,33690660.0000,174.26,171.42,172.83
2018-02-16,172.43,40113790.0000,174.82,171.77,172.05
2018-02-15,172.99,50908540.0000,173.09,169.0,172.36
2018-02-14,167.37,40382890.0000,167.54,162.88,169.79
2018-02-13,164.34,32483310.0000,164.75,161.65,163.045
2018-02-12,162.71,60774900.0000,163.89,157.51,161.95
2018-02-09,156.41,70583530.0000,157.89,150.24,158.5
2018-02-08,155.15,54145930.0000,161.0,155.03,157.07
2018-02-07,159.54,51467440.0000,163.4,159.0685,160.29
2018-02-06,163.03,68171940.0000,163.72,154.0,163.085
2018-02-05,156.49,72215320.0000,163.88,156.0,154.83
2018-02-02,160.5,85957050.0000,166.8,160.1,159.1
2018-02-01,167.78,44453230.0000,168.62,166.76,166.0
2018-01-31,167.43,32234520.0000,168.4417,166.5,167.165
2018-01-30,166.97,45635470.0000,167.37,164.7,166.87
2018-01-29,167.96,50565420.0000,170.16,167.07,165.525
2018-01-26,171.51,39075250.0000,172.0,170.06,170.16
2018-01-25,171.11,41438280.0000,174.95,170.53,172.0
2018-01-24,174.22,51368540.0000,177.3,173.2,174.505
2018-01-23,177.04,32395870.0000,179.44,176.82,177.25
2018-01-22,177.0,27052000.0000,177.78,176.6016,177.3
2018-01-19,178.46,31306390.0000,179.58,177.41,177.3
2018-01-18,179.26,31087330.0000,180.1,178.25,178.61
2018-01-17,179.1,34260230.0000,179.25,175.07,179.37
2018-01-16,176.19,29512410.0000,179.39,176.14,176.15
2018-01-12,177.09,25302200.0000,177.36,175.65,177.9
2018-01-11,175.28,18653380.0000,175.4886,174.49,176.18
2018-01-10,174.29,23751690.0000,174.3,173.0,174.59
2018-01-09,174.33,21532200.0000,175.06,173.41,173.16
2018-01-08,174.35,20523870.0000,175.61,173.93,174.55
2018-01-05,175.0,23589930.0000,175.37,173.05,174.35
2018-01-04,173.03,22342650.0000,173.47,172.08,173.44
2018-01-03,172.23,29461040.0000,174.55,171.96,172.54
2018-01-02,172.26,25400540.0000,172.3,169.26,172.53
2017-12-29,169.23,25938760.0000,170.59,169.22,170.16
2017-12-28,171.08,16412270.0000,171.85,170.48,170.52
2017-12-27,170.6,21477380.0000,170.78,169.71,171.0
2017-12-26,170.57,33113340.0000,171.47,169.679,170.1
2017-12-22,175.01,16339690.0000,175.424,174.5,170.8
2017-12-21,175.01,20848660.0000,176.02,174.1,174.68
2017-12-20,174.35,23451420.0000,175.42,173.25,174.17
2017-12-19,174.54,27393660.0000,175.39,174.09,174.87
2017-12-18,176.42,29385650.0000,177.2,174.86,175.03
2017-12-15,173.97,40122100.0000,174.17,172.46,174.88
2017-12-14,172.22,20442740.0000,173.13,171.65,173.63
2017-12-13,172.27,23402510.0000,173.54,172.0,172.4
2017-12-12,171.7,19088170.0000,172.39,171.461,172.5
2017-12-11,172.67,34260890.0000,172.89,168.79,172.15
2017-12-08,169.37,23285760.0000,171.0,168.82,169.2
2017-12-07,169.32,25656110.0000,170.44,168.91,170.49
2017-12-06,169.01,28397810.0000,170.2047,166.46,169.03
2017-12-05,169.64,27315530.0000,171.52,168.4,167.5
2017-12-04,169.8,32512580.0000,172.62,169.63,169.06
2017-12-01,171.05,39735110.0000,171.67,168.5,172.48
2017-11-30,171.85,41484540.0000,172.14,168.44,169.95
2017-11-29,169.48,41459120.0000,172.92,167.16,170.43
2017-11-28,173.07,26387240.0000,174.87,171.86,172.63
2017-11-27,174.09,20591090.0000,175.08,173.34,174.3
2017-11-24,174.97,14026670.0000,175.5,174.6459,175.05
2017-11-22,174.96,25558680.0000,175.0,173.05,175.1
2017-11-21,173.14,25047130.0000,173.7,170.78,173.36
2017-11-20,169.98,16041550.0000,170.56,169.56,170.78
2017-11-17,170.15,21884010.0000,171.39,169.64,170.29
2017-11-16,171.1,23598650.0000,171.87,170.3,171.04
2017-11-15,169.08,28998220.0000,170.3197,168.38,171.18
2017-11-14,171.34,24683350.0000,173.48,171.18,169.97
2017-11-13,173.97,16956290.0000,174.5,173.4,173.04
2017-11-10,174.67,25129510.0000,175.38,174.27,173.5
2017-11-09,175.88,29422610.0000,176.095,173.14,175.11
2017-11-08,176.24,24358920.0000,176.24,174.33,175.11
2017-11-07,174.81,24332120.0000,175.25,173.6,174.66
2017-11-06,174.25,34770480.0000,174.99,171.72,173.91
2017-11-03,172.5,59332210.0000,174.26,171.12,172.365
2017-11-02,168.11,39668100.0000,168.5,165.28,174.0
2017-11-01,166.89,33482970.0000,169.94,165.61,167.64
2017-10-31,169.04,35779520.0000,169.6499,166.94,169.87
2017-10-30,166.72,44651420.0000,168.07,163.72,167.9
2017-10-27,163.05,44387770.0000,163.6,158.7,163.89
2017-10-26,157.41,16916650.0000,157.8295,156.78,159.29
2017-10-25,156.41,21175670.0000,157.55,155.27,157.23
2017-10-24,157.1,17633730.0000,157.42,156.2,156.91
2017-10-23,156.17,21888930.0000,157.69,155.5,156.29
2017-10-20,156.25,23907540.0000,157.75,155.96,156.89
2017-10-19,155.98,42357420.0000,157.08,155.02,156.61
2017-10-18,159.76,16252850.0000,160.71,159.6,156.75
2017-10-17,160.47,18969700.0000,160.87,159.23,160.42
2017-10-16,159.88,24093300.0000,160.0,157.65,159.78
2017-10-13,156.99,16367780.0000,157.28,156.41,157.9
2017-10-12,156.0,16380570.0000,157.37,155.7299,156.73
2017-10-11,156.55,16861450.0000,156.98,155.75,156.35
2017-10-10,155.9,15603520.0000,158.0,155.1,155.97
2017-10-09,155.84,16243080.0000,156.73,155.485,156.055
2017-10-06,155.3,17223790.0000,155.49,154.56,155.81
2017-10-05,155.39,21215870.0000,155.44,154.05,154.97
2017-10-04,153.48,20088940.0000,153.86,152.46,154.18
2017-10-03,154.48,16216800.0000,155.09,153.91,153.63
2017-10-02,153.81,18631540.0000,154.45,152.72,154.01
2017-09-29,154.12,26204670.0000,154.13,152.0,154.26
2017-09-28,153.28,21983410.0000,154.28,152.7,153.21
2017-09-27,154.23,25402270.0000,154.7189,153.54,153.89
2017-09-26,153.14,35907770.0000,153.92,151.69,153.8
2017-09-25,150.55,44366140.0000,151.83,149.16,151.78
2017-09-22,151.89,46575410.0000,152.27,150.56,149.99
2017-09-21,153.39,37350060.0000,155.8,152.75,152.02
2017-09-20,156.07,52126240.0000,158.26,153.83,155.8
2017-09-19,158.73,20565620.0000,159.77,158.44,157.9
2017-09-18,158.67,28157630.0000,160.5,157.995,159.51
2017-09-15,159.88,48846060.0000,160.97,158.0,160.11
2017-09-14,158.28,23637310.0000,159.4,158.09,158.47
2017-09-13,159.65,44866280.0000,159.96,157.91,158.99
2017-09-12,160.86,71574560.0000,163.96,158.77,159.87
2017-09-11,161.5,31506890.0000,162.05,159.89,162.61
2017-09-08,158.63,28411740.0000,161.15,158.53,160.5
2017-09-07,161.26,21905160.0000,162.24,160.36,160.86
2017-09-06,161.91,21610300.0000,162.99,160.52,162.09
2017-09-05,162.08,29491910.0000,164.25,160.56,162.71
2017-09-01,164.05,16564340.0000,164.94,163.63,163.75
2017-08-31,164.0,26729940.0000,164.52,163.48,164.8
2017-08-30,163.35,27215770.0000,163.89,162.61,163.64
2017-08-29,162.91,29451050.0000,163.12,160.0,163.8
2017-08-28,161.47,25649890.0000,162.0,159.93,160.1
2017-08-25,159.86,25184600.0000,160.56,159.27,160.14
2017-08-24,159.27,19782170.0000,160.74,158.55,159.65
2017-08-23,159.98,19376940.0000,160.47,158.88,160.43
2017-08-22,159.78,21564890.0000,160.0,158.02,159.07
2017-08-21,157.21,26330070.0000,157.89,155.1101,158.23
2017-08-18,157.5,27391950.0000,159.5,156.72,157.5
2017-08-17,157.86,27377960.0000,160.71,157.84,157.86
2017-08-16,160.95,27607370.0000,162.51,160.15,160.52
2017-08-15,161.6,29377630.0000,162.195,160.14,161.94
2017-08-14,159.85,22074760.0000,160.21,158.75,160.66
2017-08-11,157.48,26208970.0000,158.5728,156.07,159.32
2017-08-10,155.32,39636190.0000,160.0,154.63,156.6
2017-08-09,161.06,26060430.0000,161.27,159.11,159.9
2017-08-08,160.08,36127490.0000,161.83,158.27,159.26
2017-08-07,158.81,21827400.0000,158.92,156.6701,158.6
2017-08-04,156.39,20514810.0000,157.4,155.69,157.06
2017-08-03,155.57,26604140.0000,157.21,155.02,156.07
2017-08-02,157.14,69726440.0000,159.75,156.16,157.05
2017-08-01,150.05,33669020.0000,150.22,148.41,159.28
2017-07-31,148.73,19690420.0000,150.33,148.13,149.1
2017-07-28,149.5,17192770.0000,150.23,149.19,149.9
2017-07-27,150.56,32429770.0000,153.99,147.3,149.89
2017-07-26,153.46,15649120.0000,153.93,153.06,153.75
2017-07-25,152.74,18798250.0000,153.84,151.8,153.35
2017-07-24,152.09,21466370.0000,152.44,149.9,151.8
2017-07-21,150.27,25111310.0000,150.44,148.88,150.58
2017-07-20,150.34,17170490.0000,151.74,150.19,149.99
2017-07-19,151.02,20859830.0000,151.42,149.95,151.5
2017-07-18,150.08,17837130.0000,150.13,148.67,150.48
2017-07-17,149.56,23765710.0000,150.9,148.57,149.2
2017-07-14,149.04,20117070.0000,149.33,147.33,148.82
2017-07-13,147.77,25080500.0000,148.49,145.44,147.97
2017-07-12,145.74,24833800.0000,146.18,144.82,145.5
2017-07-11,145.53,18647220.0000,145.85,144.38,145.87
2017-07-10,145.06,21080580.0000,145.95,143.37,144.73
2017-07-07,144.18,18527000.0000,144.75,142.9,144.11
2017-07-06,142.73,24110330.0000,143.5,142.41,142.9
2017-07-05,144.09,21550270.0000,144.79,142.7237,143.02
2017-07-03,143.5,14277850.0000,145.3001,143.1,143.69
2017-06-30,144.02,22986960.0000,144.96,143.78,144.88
2017-06-29,143.68,31450520.0000,145.13,142.28,144.45
2017-06-28,145.83,22052920.0000,146.11,143.1601,144.71
2017-06-27,143.73,24725210.0000,146.16,143.62,144.49
2017-06-26,145.82,25674500.0000,148.28,145.38,145.01
2017-06-23,146.28,35421310.0000,147.16,145.11,147.17
2017-06-22,145.63,19082170.0000,146.7,145.1199,145.13
2017-06-21,145.87,21247590.0000,146.0693,144.61,145.77
2017-06-20,145.01,24877950.0000,146.87,144.94,145.52
2017-06-19,146.34,32203640.0000,146.74,143.66,146.87
2017-06-16,142.27,50264540.0000,144.5,142.2,143.66
2017-06-15,144.29,31642900.0000,144.4798,142.21,143.78
2017-06-14,145.16,31454590.0000,147.5,143.84,143.32
2017-06-13,146.59,34089190.0000,147.45,145.15,147.5
2017-06-12,145.42,72187710.0000,146.09,142.51,147.16
2017-06-09,148.98,64782910.0000,155.19,146.02,145.74
2017-06-08,154.99,21144040.0000,155.54,154.4,155.19
2017-06-07,155.37,21017560.0000,155.98,154.48,155.25
2017-06-06,154.45,26591850.0000,155.81,153.78,155.02
2017-06-05,153.93,25277680.0000,154.45,153.46,153.9
2017-06-02,155.45,27715140.0000,155.45,152.89,154.34
2017-06-01,153.18,16383610.0000,153.33,152.22,153.58
2017-05-31,152.76,24452750.0000,154.17,152.38,153.17
2017-05-30,153.67,20118620.0000,154.43,153.33,153.97
2017-05-26,153.61,21895020.0000,154.24,153.31,153.42
2017-05-25,153.87,19217810.0000,154.35,153.03,154.0
2017-05-24,153.34,19201820.0000,154.17,152.67,153.73
2017-05-23,153.8,19906170.0000,154.9,153.31,153.84
2017-05-22,153.99,22930630.0000,154.58,152.91,154.9
2017-05-19,153.06,26892850.0000,153.98,152.63,154.0
2017-05-18,152.54,33520150.0000,153.34,151.13,153.38
2017-05-17,150.25,50674280.0000,154.57,149.71,151.27
2017-05-16,155.47,19994270.0000,156.06,154.72,153.6
2017-05-15,155.7,25912270.0000,156.65,155.05,155.94
2017-05-12,156.1,32493770.0000,156.42,154.67,156.01
2017-05-11,153.95,27236290.0000,154.07,152.31,154.7
2017-05-10,153.26,25779060.0000,153.94,152.11,152.45
2017-05-09,153.99,38907940.0000,154.88,153.45,153.63
2017-05-08,153.01,48670440.0000,153.7,149.03,153.87
2017-05-05,148.96,27254850.0000,148.98,146.76,149.03
2017-05-04,146.53,23345970.0000,147.14,145.81,146.76
2017-05-03,147.06,45579740.0000,147.49,144.27,146.52
2017-05-02,147.51,44182930.0000,148.09,146.84,145.59
2017-05-01,146.58,33498270.0000,147.2,144.96,147.54
2017-04-28,143.65,20783460.0000,144.3,143.27,145.1
2017-04-27,143.79,14198660.0000,144.16,143.31,144.09
2017-04-26,143.68,19998050.0000,144.6,143.3762,143.923
2017-04-25,144.53,18325720.0000,144.9,143.87,144.47
2017-04-24,143.64,17117710.0000,143.95,143.18,143.91
2017-04-21,142.27,17290900.0000,142.68,141.85,143.5
2017-04-20,142.44,23294040.0000,142.92,141.16,142.44
2017-04-19,140.68,17302160.0000,142.0,140.45,141.22
2017-04-18,141.2,14676420.0000,142.04,141.11,141.88
2017-04-17,141.83,16529130.0000,141.88,140.87,141.41
2017-04-13,141.05,17775510.0000,142.38,141.05,141.48
2017-04-12,141.8,20320420.0000,142.15,141.01,141.91
2017-04-11,141.63,30341520.0000,143.35,140.06,141.6
2017-04-10,143.17,18904680.0000,143.8792,142.9,142.94
2017-04-07,143.34,16658660.0000,144.18,143.27,143.6
2017-04-06,143.66,21131040.0000,144.52,143.45,143.73
2017-04-05,144.02,27649500.0000,145.46,143.81,144.29
2017-04-04,144.77,19865300.0000,144.89,143.17,144.22
2017-04-03,143.7,19970040.0000,144.12,143.05,143.25
2017-03-31,143.66,19576480.0000,144.27,143.01,143.71
2017-03-30,143.93,21189000.0000,144.5,143.5,143.72
2017-03-29,144.12,29174040.0000,144.49,143.19,144.19
2017-03-28,143.8,33348400.0000,144.04,140.62,143.68
2017-03-27,140.88,23531670.0000,141.22,138.62,140.91
2017-03-24,140.64,22355140.0000,141.74,140.35,139.39
2017-03-23,140.92,20299310.0000,141.5844,140.61,141.5
2017-03-22,141.42,25804820.0000,141.6,139.76,141.26
2017-03-21,139.84,39461130.0000,142.8,139.73,139.845
2017-03-20,141.46,21258100.0000,141.5,140.23,142.11
2017-03-17,139.99,43700570.0000,141.0,139.89,140.4
2017-03-16,140.69,19173780.0000,141.02,140.26,141.0
2017-03-15,140.46,25676720.0000,140.7501,139.025,140.72
2017-03-14,138.99,15281850.0000,139.65,138.84,139.41
2017-03-13,139.2,17048800.0000,139.43,138.82,139.3
2017-03-10,139.14,19578920.0000,139.3571,138.64,138.85
2017-03-09,138.68,22117750.0000,138.79,137.05,139.25
2017-03-08,139.0,18695500.0000,139.8,138.82,138.74
2017-03-07,139.52,17439210.0000,139.98,138.79,138.95
2017-03-06,139.34,21229890.0000,139.77,138.5959,139.06
2017-03-03,139.78,21555370.0000,139.83,138.59,139.365
2017-03-02,138.96,26170690.0000,140.2786,138.76,138.78
2017-03-01,139.79,36362440.0000,140.15,137.595,140.0
2017-02-28,136.99,23446340.0000,137.435,136.7,137.89
2017-02-27,136.93,20222210.0000,137.435,136.28,137.08
2017-02-24,136.66,21754600.0000,136.66,135.28,137.14
2017-02-23,136.53,20762360.0000,137.48,136.3,135.91
2017-02-22,137.11,20769030.0000,137.12,136.11,137.38
2017-02-21,136.7,24487200.0000,136.75,135.98,136.43
2017-02-17,135.72,22163280.0000,135.83,135.1,136.23
2017-02-16,135.345,22539860.0000,135.9,134.8398,135.1
2017-02-15,135.51,35578640.0000,136.27,134.62,135.67
2017-02-14,135.02,33054500.0000,135.09,133.25,135.52
2017-02-13,133.29,22989980.0000,133.82,132.75,133.47
2017-02-10,132.12,20046250.0000,132.94,132.05,133.08
2017-02-09,132.42,28321440.0000,132.445,131.12,132.46
2017-02-08,132.04,22941650.0000,132.22,131.22,131.65
2017-02-07,131.53,38158410.0000,132.09,130.45,131.35
2017-02-06,130.29,26784530.0000,130.5,128.9,130.54
2017-02-03,129.08,24460160.0000,129.19,128.16,129.13
2017-02-02,128.53,33671250.0000,129.39,127.78,128.31
2017-02-01,128.75,111837300.0000,130.49,127.01,127.975
2017-01-31,121.35,47767760.0000,121.39,120.62,127.03
2017-01-30,121.63,30327110.0000,121.63,120.66,121.15
2017-01-27,121.95,20495340.0000,122.35,121.6,120.93
2017-01-26,121.94,26320740.0000,122.44,121.6,122.14
2017-01-25,121.88,32417410.0000,122.1,120.28,121.67
2017-01-24,119.97,23191150.0000,120.1,119.5,120.42
2017-01-23,120.08,21982000.0000,120.81,119.77,119.55
2017-01-20,120.0,29922650.0000,120.45,119.7346,120.0
2017-01-19,119.78,25554290.0000,120.09,119.37,120.45
2017-01-18,119.99,23687350.0000,120.5,119.71,119.4
2017-01-17,120.0,34412090.0000,120.24,118.22,120.0
2017-01-13,119.04,26083030.0000,119.62,118.81,118.34
2017-01-12,119.25,27057550.0000,119.3,118.21,119.11
2017-01-11,119.75,27453130.0000,119.93,118.6,118.895
2017-01-10,119.11,24432660.0000,119.38,118.3,118.74
2017-01-09,118.99,33420290.0000,119.43,117.94,118.77
2017-01-06,117.91,31714820.0000,118.16,116.47,117.95
2017-01-05,116.61,22115100.0000,116.8642,115.81,116.78
2017-01-04,116.02,21081620.0000,116.51,115.75,115.92
2017-01-03,116.15,28769220.0000,116.33,114.76,115.85
2016-12-30,115.82,30555900.0000,117.2,115.43,115.8
2016-12-29,116.73,14979680.0000,117.1095,116.4,116.65
2016-12-28,116.76,20686510.0000,118.0166,116.2,116.45
2016-12-27,117.26,18131970.0000,117.8,116.49,117.52
2016-12-23,116.52,14244050.0000,116.52,115.59,116.52
2016-12-22,116.29,26043820.0000,116.51,115.64,115.59
2016-12-21,117.06,23724430.0000,117.4,116.78,116.35
2016-12-20,116.95,21337310.0000,117.5,116.68,116.8
2016-12-19,116.64,27756760.0000,117.38,115.75,116.74
2016-12-16,115.97,44284660.0000,116.5,115.645,115.8
2016-12-15,115.82,46286150.0000,116.73,115.23,116.47
2016-12-14,115.19,33962370.0000,116.2,114.98,115.38
2016-12-13,115.19,43293350.0000,115.92,113.75,115.04
2016-12-12,113.3,26176690.0000,115.0,112.49,113.84
2016-12-09,113.95,34324350.0000,114.7,112.31,113.29
2016-12-08,112.12,27049830.0000,112.43,110.6,112.31
2016-12-07,111.03,29976030.0000,111.19,109.16,110.86
2016-12-06,109.95,26160560.0000,110.36,109.19,109.26
2016-12-05,109.11,34113880.0000,110.03,108.25,109.5
2016-12-02,109.9,26481320.0000,110.09,108.85,110.0
2016-12-01,109.49,37034520.0000,110.94,109.03,109.17
2016-11-30,110.52,36151450.0000,112.2,110.27,110.365
2016-11-29,111.46,28507780.0000,112.03,110.07,111.6
2016-11-28,111.57,27054320.0000,112.465,111.39,110.78
2016-11-25,111.79,11475920.0000,111.87,110.95,111.43
2016-11-23,111.23,27420550.0000,111.51,110.33,111.13
2016-11-22,111.8,25931710.0000,112.42,111.4,111.36
2016-11-21,111.73,29164190.0000,111.99,110.01,111.95
2016-11-18,110.06,28310840.0000,110.54,109.66,110.12
2016-11-17,109.95,27623150.0000,110.35,108.83,109.72
2016-11-16,109.99,58724080.0000,110.23,106.6,109.81
2016-11-15,107.11,32230590.0000,107.68,106.1593,106.7
2016-11-14,105.71,50901380.0000,107.809,104.08,106.57
2016-11-11,108.43,34117030.0000,108.87,106.55,107.71
2016-11-10,107.79,57097740.0000,111.09,105.83,107.12
2016-11-09,110.88,59118740.0000,111.32,108.05,111.09
2016-11-08,111.06,24129630.0000,111.72,109.7,109.88
2016-11-07,110.41,32361930.0000,110.51,109.46,110.31
2016-11-04,108.84,30790930.0000,110.25,108.11,110.08
2016-11-03,109.83,26538700.0000,111.46,109.55,108.53
2016-11-02,111.59,28174980.0000,112.35,111.23,110.98
2016-11-01,111.49,43403760.0000,113.77,110.53,111.4
2016-10-31,113.54,26378910.0000,114.23,113.2,113.46
2016-10-28,113.72,36792100.0000,115.21,113.45,113.65
2016-10-27,114.48,31396130.0000,115.86,114.1,113.87
2016-10-26,115.59,66028640.0000,115.7,113.31,115.39
2016-10-25,118.25,46820600.0000,118.36,117.31,114.31
2016-10-24,117.65,23492650.0000,117.74,117.0,117.95
2016-10-21,116.6,22527690.0000,116.91,116.28,117.1
2016-10-20,117.06,24100150.0000,117.38,116.33,116.81
2016-10-19,117.12,19977160.0000,117.76,113.8,116.86
2016-10-18,117.47,24308210.0000,118.21,117.45,117.25
2016-10-17,117.55,23583810.0000,117.84,116.78,118.18
2016-10-14,117.63,35626020.0000,118.17,117.13,117.33
2016-10-13,116.98,35041820.0000,117.44,115.72,117.88
2016-10-12,117.34,37512930.0000,117.98,116.75,116.79
2016-10-11,116.3,63963010.0000,118.69,116.2,117.35
2016-10-10,116.05,36087910.0000,116.75,114.72,117.7
2016-10-07,114.06,24336440.0000,114.56,113.51,115.02
2016-10-06,113.89,28508710.0000,114.34,113.13,114.31
2016-10-05,113.05,21400410.0000,113.66,112.69,113.7
2016-10-04,113.0,29707270.0000,114.31,112.63,113.4
2016-10-03,112.52,21634520.0000,113.05,112.28,113.06
2016-09-30,113.05,36340670.0000,113.37,111.8,112.71
2016-09-29,112.18,35850010.0000,113.8,111.8,112.46
2016-09-28,113.95,29608390.0000,114.64,113.43,113.16
2016-09-27,113.09,24587490.0000,113.18,112.34,113.69
2016-09-26,112.88,29800240.0000,113.39,111.55,113.0
2016-09-23,112.71,52411070.0000,114.79,111.55,111.64
2016-09-22,114.62,31048170.0000,114.94,114.0,114.42
2016-09-21,113.55,35951900.0000,113.989,112.441,114.35
2016-09-20,113.57,34494150.0000,114.12,112.51,113.85
2016-09-19,113.58,46937190.0000,116.18,113.25,113.05
2016-09-16,114.92,79763890.0000,116.13,114.04,115.19
2016-09-15,115.57,90398170.0000,115.73,113.49,115.12
2016-09-14,111.77,111186900.0000,113.03,108.6,113.86
2016-09-13,107.95,62080160.0000,108.79,107.24,108.73
2016-09-12,105.44,45114590.0000,105.72,102.53,107.51
2016-09-09,103.13,46461610.0000,105.72,103.13,102.65
2016-09-08,105.52,52955310.0000,107.27,105.24,104.64
2016-09-07,108.36,42250480.0000,108.76,107.07,107.25
2016-09-06,107.7,26645130.0000,108.3,107.51,107.83
2016-09-02,107.73,26393770.0000,108.0,106.82,107.9
2016-09-01,106.73,26675250.0000,106.8,105.62,107.7
2016-08-31,106.1,31639010.0000,106.5699,105.64,106.14
2016-08-30,106.0,24817940.0000,106.5,105.5,105.66
2016-08-29,106.82,24900130.0000,107.44,106.29,105.8
2016-08-26,106.94,27744300.0000,107.95,106.31,106.62
2016-08-25,107.57,25001730.0000,107.88,106.68,107.41
2016-08-24,108.03,23606240.0000,108.75,107.68,107.39
2016-08-23,108.85,21236850.0000,109.32,108.53,108.565
2016-08-22,108.51,25784420.0000,109.1,107.85,108.59
2016-08-19,109.36,25108890.0000,109.69,108.36,108.86
2016-08-18,109.08,21918340.0000,109.6,109.02,108.77
2016-08-17,109.22,25328680.0000,109.37,108.34,109.23
2016-08-16,109.38,33754680.0000,110.23,109.21,109.1
2016-08-15,109.48,25704330.0000,109.54,108.08,109.63
2016-08-12,108.18,18648700.0000,108.44,107.78,108.14
2016-08-11,107.93,27460070.0000,108.93,107.85,107.78
2016-08-10,108.0,23839880.0000,108.9,107.76,108.52
2016-08-09,108.81,26296260.0000,108.94,108.01,108.71
2016-08-08,108.37,28010430.0000,108.37,107.16,108.23
2016-08-05,107.48,39546610.0000,107.65,106.18,107.52
2016-08-04,105.87,26781730.0000,106.0,105.28,106.27
2016-08-03,105.79,30148360.0000,105.84,104.77,105.58
2016-08-02,104.48,33770220.0000,106.07,104.0,104.81
2016-08-01,106.05,38018910.0000,106.15,104.41,106.05
2016-07-29,104.21,27697970.0000,104.55,103.68,104.41
2016-07-28,104.34,38771840.0000,104.45,102.82,104.19
2016-07-27,102.95,92143920.0000,104.35,102.75,102.83
2016-07-26,96.67,53454620.0000,97.97,96.42,104.265
2016-07-25,97.34,40290580.0000,98.84,96.92,96.82
2016-07-22,98.66,28218240.0000,99.3,98.31,98.25
2016-07-21,99.43,32690080.0000,101.0,99.13,99.26
2016-07-20,99.96,26219110.0000,100.46,99.735,99.83
2016-07-19,99.87,23766360.0000,100.0,99.34,100.0
2016-07-18,99.83,36464530.0000,100.13,98.6,99.56
2016-07-15,98.78,30031410.0000,99.3,98.5,98.7
2016-07-14,98.79,38885980.0000,98.99,97.32,98.92
2016-07-13,96.87,25879680.0000,97.67,96.84,97.39
2016-07-12,97.42,24129530.0000,97.7,97.12,97.41
2016-07-11,96.98,23317990.0000,97.65,96.73,97.17
2016-07-08,96.68,28877500.0000,96.89,96.05,96.75
2016-07-07,95.94,24460850.0000,96.5,95.62,96.49
2016-07-06,95.53,30877540.0000,95.66,94.37,95.7
2016-07-05,94.99,27553750.0000,95.4,94.46,94.6
2016-07-01,95.89,25982080.0000,96.465,95.33,95.39
2016-06-30,95.6,35783320.0000,95.77,94.3,95.49
2016-06-29,94.4,36505420.0000,94.55,93.63,94.44
2016-06-28,93.59,40387960.0000,93.66,92.14,93.97
2016-06-27,92.04,45595680.0000,93.05,91.5,92.9
2016-06-24,93.4,75219710.0000,94.655,92.65,93.0
2016-06-23,96.1,32042290.0000,96.29,95.25,92.91
2016-06-22,95.55,29124140.0000,96.89,95.35,95.94
2016-06-21,95.91,35407050.0000,96.35,94.676,96.25
2016-06-20,95.1,34355970.0000,96.57,95.03,94.94
2016-06-17,95.33,60793260.0000,96.65,95.3,96.0
2016-06-16,97.55,31251870.0000,97.75,96.07,96.62
2016-06-15,97.14,29373050.0000,98.41,97.03,96.45
2016-06-14,97.46,31890740.0000,98.475,96.75,97.82
2016-06-13,97.34,37708360.0000,99.12,97.1,97.32
2016-06-10,98.83,31672220.0000,99.3457,98.48,98.69
2016-06-09,99.65,26575570.0000,99.99,98.46,98.53
2016-06-08,98.94,20839950.0000,99.56,98.68,98.5
2016-06-07,99.03,22378380.0000,99.87,98.96,99.02
2016-06-06,98.63,23265200.0000,101.89,97.55,99.25
2016-06-03,97.92,28487570.0000,98.27,97.45,97.99
2016-06-02,97.72,40170200.0000,97.84,96.63,97.79
2016-06-01,98.46,29139100.0000,99.54,98.33,97.6
2016-05-31,99.86,42268040.0000,100.4,98.82,99.02
2016-05-27,100.35,36299460.0000,100.47,99.245,99.6
2016-05-26,100.41,56293490.0000,100.73,98.64,99.44
2016-05-25,99.62,38258300.0000,99.74,98.11,99.68
2016-05-24,97.9,35074380.0000,98.09,96.84,98.67
2016-05-23,96.43,37977020.0000,97.19,95.67,97.22
2016-05-20,95.22,31834020.0000,95.43,94.52,95.87
2016-05-19,94.2,30417880.0000,94.64,93.57,94.64
2016-05-18,94.56,42009830.0000,95.21,93.89,94.64
2016-05-17,93.49,46858910.0000,94.7,93.01,94.16
2016-05-16,93.88,61192340.0000,94.39,91.65,94.55
2016-05-13,90.52,44223040.0000,91.67,90.0,92.39
2016-05-12,90.34,76183460.0000,92.78,89.47,90.0
2016-05-11,92.51,28641180.0000,93.57,92.46,92.72
2016-05-10,93.42,33653020.0000,93.57,92.11,93.48
2016-05-09,92.79,32895650.0000,93.77,92.59,93.33
2016-05-06,92.72,43665160.0000,93.45,91.85,93.0
2016-05-05,93.24,35850220.0000,94.07,92.68,93.37
2016-05-04,94.19,40984160.0000,95.9,93.82,94.0
2016-05-03,95.18,56770080.0000,95.74,93.68,95.2
2016-05-02,93.64,47844490.0000,94.08,92.4,94.2
2016-04-29,93.74,68388840.0000,94.72,92.51,93.965
2016-04-28,94.83,82107120.0000,97.88,94.25,93.99
2016-04-27,97.82,114436300.0000,98.71,95.68,97.61
2016-04-26,104.35,52979780.0000,105.3,103.91,96.0
2016-04-25,105.08,27997990.0000,105.65,104.51,103.91
2016-04-22,105.68,33655810.0000,106.48,104.62,105.0
2016-04-21,105.97,31416910.0000,106.93,105.52,105.01
2016-04-20,107.13,30576980.0000,108.09,106.06,106.93
2016-04-19,106.91,32340620.0000,108.0,106.23,106.64
2016-04-18,107.48,60784920.0000,108.95,106.94,107.88
2016-04-15,109.85,46873670.0000,112.3,109.73,108.89
2016-04-14,112.1,25364920.0000,112.39,111.33,112.11
2016-04-13,112.04,32771760.0000,112.34,110.8,111.62
2016-04-12,110.44,27150570.0000,110.5,108.66,110.8
2016-04-11,109.02,29357940.0000,110.61,108.83,109.34
2016-04-08,108.66,23553790.0000,109.77,108.17,108.97
2016-04-07,108.54,31735810.0000,110.42,108.121,108.91
2016-04-06,110.96,26178840.0000,110.98,109.2,109.95
2016-04-05,109.81,26560420.0000,110.73,109.42,110.23
2016-04-04,111.12,37322930.0000,112.19,110.27,109.51
2016-04-01,109.99,25820460.0000,110.0,108.2,110.42
2016-03-31,108.99,25763840.0000,109.9,108.88,108.78
2016-03-30,109.56,45547590.0000,110.42,108.6,109.72
2016-03-29,107.68,31154910.0000,107.79,104.88,108.65
2016-03-28,105.19,19354440.0000,106.19,105.06,104.89
2016-03-24,105.67,25568350.0000,106.25,104.89,106.0
2016-03-23,106.13,25686350.0000,107.07,105.9,105.47
2016-03-22,106.72,32345430.0000,107.29,105.21,106.48
2016-03-21,105.91,35454230.0000,107.65,105.1401,105.25
2016-03-18,105.92,43607120.0000,106.5,105.19,105.93
2016-03-17,105.8,34394830.0000,106.47,104.96,106.34
2016-03-16,105.97,38236730.0000,106.31,104.59,105.52
2016-03-15,104.58,40026250.0000,105.18,103.85,104.61
2016-03-14,102.52,25058280.0000,102.91,101.78,103.96
2016-03-11,102.26,27368840.0000,102.28,101.5,101.91
2016-03-10,101.17,33490630.0000,102.24,100.15,102.24
2016-03-09,101.12,27148530.0000,101.58,100.27,101.41
2016-03-08,101.03,31538710.0000,101.76,100.4,101.31
2016-03-07,101.87,35890740.0000,102.83,100.96,100.78
2016-03-04,103.01,46026600.0000,103.75,101.37,102.39
2016-03-03,101.5,36884490.0000,101.7099,100.45,102.37
2016-03-02,100.75,33136130.0000,100.89,99.64,100.58
2016-03-01,100.53,50303500.0000,100.77,97.42,100.51
2016-02-29,96.69,35131460.0000,98.23,96.65,97.65
2016-02-26,96.91,28949760.0000,98.0237,96.58,96.86
2016-02-25,96.76,27526040.0000,96.76,95.25,97.2
2016-02-24,96.1,36192150.0000,96.38,93.32,96.05
2016-02-23,94.69,31851180.0000,96.5,94.55,93.98
2016-02-22,96.88,34240470.0000,96.9,95.92,96.4
2016-02-19,96.04,35290570.0000,96.7599,95.8,96.31
2016-02-18,96.26,38866100.0000,98.89,96.091,96.0
2016-02-17,98.12,44811800.0000,98.21,96.15,98.84
2016-02-16,96.64,48032600.0000,96.85,94.61,96.67
2016-02-12,93.99,40323020.0000,94.5,93.01,95.02
2016-02-11,93.7,49979700.0000,94.72,92.59,94.19
2016-02-10,94.27,42288790.0000,96.35,94.1,93.79
2016-02-09,94.99,44282560.0000,95.94,93.93,95.92
2016-02-08,95.01,53920550.0000,95.7,93.04,94.29
2016-02-05,94.02,46315620.0000,96.92,93.69,93.13
2016-02-04,96.6,46418230.0000,97.33,95.19,96.52
2016-02-03,96.35,45870130.0000,96.84,94.08,95.86
2016-02-02,94.48,37190500.0000,96.04,94.28,95.0
2016-02-01,96.43,40814360.0000,96.71,95.4,95.42
2016-01-29,97.34,64332440.0000,97.34,94.35,96.47
2016-01-28,94.09,55622370.0000,94.52,92.39,94.79
2016-01-27,93.42,133059000.0000,96.6289,93.34,93.79
2016-01-26,99.99,71937310.0000,100.88,98.07,96.04
2016-01-25,99.44,51529980.0000,101.53,99.21,99.93
2016-01-22,101.42,65648660.0000,101.46,98.37,101.52
2016-01-21,96.3,52099200.0000,97.88,94.94,98.63
2016-01-20,96.79,72274300.0000,98.1897,93.42,97.06
2016-01-19,96.66,52960810.0000,98.65,95.5,95.1
2016-01-15,97.13,79356010.0000,97.71,95.36,98.41
2016-01-14,99.52,63000140.0000,100.48,95.74,96.2
2016-01-13,97.39,62285770.0000,101.19,97.3,97.96
2016-01-12,99.96,49046150.0000,100.69,98.8399,100.32
2016-01-11,98.53,49687870.0000,99.06,97.34,100.55
2016-01-08,96.96,70722000.0000,99.11,96.76,98.97
2016-01-07,96.45,80742460.0000,100.13,96.43,98.55
2016-01-06,100.7,68384270.0000,102.37,99.87,98.68
2016-01-05,102.71,55583140.0000,105.85,102.41,100.56
2016-01-04,105.35,67569090.0000,105.368,102.0,105.75
2015-12-31,105.26,40885480.0000,107.03,104.82,102.61
2015-12-30,107.32,25184090.0000,108.7,107.18,107.01
2015-12-29,108.74,30912260.0000,109.43,106.86,108.58
2015-12-28,106.82,26639930.0000,107.69,106.1807,106.96
2015-12-24,108.03,13596680.0000,109.0,107.95,107.59
2015-12-23,108.61,32618140.0000,108.85,107.2,109.0
2015-12-22,107.23,32728460.0000,107.72,106.451,107.27
2015-12-21,107.33,47507230.0000,107.37,105.57,107.4
2015-12-18,106.03,96197190.0000,109.52,105.81,107.28
2015-12-17,108.98,44654830.0000,112.25,108.98,108.91
2015-12-16,111.34,56157370.0000,111.99,108.8,112.02
2015-12-15,110.49,53168580.0000,112.8,110.35,111.07
2015-12-14,112.48,64678220.0000,112.68,109.79,111.94
2015-12-11,113.18,46810020.0000,115.39,112.851,112.18
2015-12-10,116.17,29158640.0000,116.94,115.51,115.19
2015-12-09,115.62,46301930.0000,117.69,115.08,116.04
2015-12-08,118.23,34275420.0000,118.6,116.86,117.64
2015-12-07,118.28,32063100.0000,119.86,117.81,117.52
2015-12-04,119.03,57717870.0000,119.25,115.11,118.98
2015-12-03,115.2,41511380.0000,116.79,114.22,115.29
2015-12-02,116.28,33316990.0000,118.11,116.08,116.55
2015-12-01,117.34,34806250.0000,118.81,116.86,117.05
2015-11-30,118.3,38063130.0000,119.41,117.75,118.75
2015-11-27,117.81,13046450.0000,118.41,117.6,117.99
2015-11-25,118.03,21341960.0000,119.23,117.92,118.29
2015-11-24,118.88,42747950.0000,119.35,117.12,119.21
2015-11-23,117.75,32445680.0000,119.73,117.34,117.33
2015-11-20,119.3,34135230.0000,119.92,118.85,119.27
2015-11-19,118.78,43233950.0000,119.75,116.76,119.2
2015-11-18,117.29,46559730.0000,117.49,115.5,117.64
2015-11-17,113.69,27584020.0000,115.05,113.32,115.76
2015-11-16,114.175,37979570.0000,114.24,111.0,114.92
2015-11-13,112.34,45555300.0000,115.57,112.27,111.38
2015-11-12,115.72,32461350.0000,116.82,115.65,115.2
2015-11-11,116.11,45179400.0000,117.42,115.21,116.26
2015-11-10,116.77,59029400.0000,118.07,116.061,116.37
2015-11-09,120.57,33829290.0000,121.81,120.05,116.9
2015-11-06,121.06,33009110.0000,121.81,120.62,120.96
2015-11-05,120.92,39483400.0000,122.69,120.18,121.11
2015-11-04,122.0,44829060.0000,123.82,121.62,121.85
2015-11-03,122.57,45479260.0000,123.49,120.7,123.13
2015-11-02,121.18,32152870.0000,121.36,119.61,120.79
2015-10-30,119.5,49305220.0000,121.22,119.45,119.87
2015-10-29,120.53,51106100.0000,120.69,118.27,120.99
2015-10-28,119.27,85436210.0000,119.3,116.06,118.7
2015-10-27,114.55,67673450.0000,116.54,113.99,116.93
2015-10-26,115.28,66139770.0000,118.13,114.92,115.4
2015-10-23,119.08,59251740.0000,119.228,116.33,118.08
2015-10-22,115.5,41430660.0000,115.5,114.1,116.7
2015-10-21,113.76,42276880.0000,115.58,113.7,114.33
2015-10-20,113.77,48929200.0000,114.17,110.82,114.0
2015-10-19,111.73,29723750.0000,111.75,110.11,111.34
2015-10-16,111.04,38794930.0000,112.0,110.53,110.8
2015-10-15,111.86,37622200.0000,112.1,110.49,111.78
2015-10-14,110.21,44434220.0000,111.52,109.56,110.93
2015-10-13,111.79,32970790.0000,112.45,110.68,111.29
2015-10-12,111.6,30386830.0000,112.75,111.44,110.82
2015-10-09,112.12,52720620.0000,112.28,109.49,112.73
2015-10-08,109.5,61747260.0000,110.19,108.21,110.0
2015-10-07,110.78,46717770.0000,111.77,109.41,110.19
2015-10-06,111.31,48702200.0000,111.74,109.765,111.74
2015-10-05,110.78,52033100.0000,111.3698,109.07,110.63
2015-10-02,110.38,57774940.0000,111.0136,107.55,109.88
2015-10-01,109.58,63849470.0000,109.62,107.31,108.01
2015-09-30,110.3,66300930.0000,111.54,108.73,109.07
2015-09-29,109.06,73230280.0000,113.51,107.86,110.17
2015-09-28,112.44,51861990.0000,114.57,112.44,112.83
2015-09-25,114.71,56005550.0000,116.69,114.02,113.85
2015-09-24,115.0,50061580.0000,115.5,112.37,116.44
2015-09-23,114.32,35678360.0000,114.72,113.3,113.25
2015-09-22,113.4,50278030.0000,114.18,112.5201,113.63
2015-09-21,115.21,46594220.0000,115.37,113.66,113.38
2015-09-18,113.45,73991000.0000,114.3,111.87,113.67
2015-09-17,113.92,63712340.0000,116.49,113.715,112.21
2015-09-16,116.41,37080720.0000,116.54,115.44,115.66
2015-09-15,116.28,43218350.0000,116.53,114.42,116.25
2015-09-14,115.31,58279570.0000,116.89,114.86,115.93
2015-09-11,114.21,49793750.0000,114.21,111.76,116.58
2015-09-10,112.57,62800770.0000,113.2825,109.9,111.79
2015-09-09,110.15,84757780.0000,114.02,109.77,110.27
2015-09-08,112.31,54507300.0000,112.56,110.32,113.76
2015-09-04,109.27,49904460.0000,110.45,108.51,111.65
2015-09-03,110.37,53142590.0000,112.78,110.04,108.97
2015-09-02,112.34,61681250.0000,112.34,109.131,112.49
2015-09-01,107.72,76562170.0000,111.88,107.36,110.23
2015-08-31,112.76,56111590.0000,114.53,112.0,110.15
2015-08-28,113.29,53075960.0000,113.31,111.54,112.03
2015-08-27,112.92,83825220.0000,113.24,110.02,112.17
2015-08-26,109.69,96531890.0000,109.89,105.05,112.23
2015-08-25,103.74,102731700.0000,111.11,103.5,107.085
2015-08-24,103.12,161882500.0000,108.8,92.0,111.11
2015-08-21,105.76,127246600.0000,111.9,105.645,94.87
2015-08-20,112.65,68176940.0000,114.35,111.63,110.43
2015-08-19,115.01,48079330.0000,116.52,114.68,114.08
2015-08-18,116.5,34525630.0000,117.44,116.01,116.1
2015-08-17,117.16,40827260.0000,117.65,115.5,116.43
2015-08-14,115.96,42876370.0000,116.31,114.01,116.04
2015-08-13,115.15,48407640.0000,116.4,114.54,114.32
2015-08-12,115.24,101593400.0000,115.42,109.63,116.04
2015-08-11,113.49,96820670.0000,118.18,113.33,112.53
2015-08-10,119.72,54851010.0000,119.99,116.53,117.81
2015-08-07,115.52,38610120.0000,116.25,114.5,116.53
2015-08-06,115.13,52828890.0000,116.5,114.115,114.58
2015-08-05,115.4,99202400.0000,117.44,112.1,115.97
2015-08-04,114.64,123601900.0000,117.7,113.25,112.95
2015-08-03,118.44,69639900.0000,122.57,117.52,117.42
2015-07-31,121.3,42832890.0000,122.6425,120.91,121.5
2015-07-30,122.37,33400950.0000,122.5699,121.71,122.6
2015-07-29,122.99,36912040.0000,123.5,122.27,122.32
2015-07-28,123.38,33570380.0000,123.91,122.55,123.15
2015-07-27,122.77,44371580.0000,123.61,122.12,123.38
2015-07-24,124.5,42090320.0000,125.74,123.9,123.09
2015-07-23,125.16,50832950.0000,127.09,125.06,125.32
2015-07-22,125.22,115288400.0000,125.5,121.99,126.2
2015-07-21,130.75,73006780.0000,132.92,130.32,121.99
2015-07-20,132.07,55204920.0000,132.97,130.7,132.85
2015-07-17,129.62,45970470.0000,129.62,128.31,130.97
2015-07-16,128.51,35987630.0000,128.57,127.35,129.08
2015-07-15,126.82,33559770.0000,127.15,125.58,127.74
2015-07-14,125.61,31695870.0000,126.37,125.04,125.72
2015-07-13,125.66,41365600.0000,125.755,124.32,126.04
2015-07-10,123.28,61292800.0000,123.85,121.21,125.03
2015-07-09,120.07,78291510.0000,124.06,119.22,121.94
2015-07-08,122.57,60609830.0000,124.64,122.54,123.85
2015-07-07,125.69,46737090.0000,126.15,123.77,124.48
2015-07-06,126.0,27972950.0000,126.23,124.85,125.89
2015-07-02,126.44,27171180.0000,126.69,125.77,124.94
2015-07-01,126.6,30206890.0000,126.94,125.99,126.43
2015-06-30,125.425,44326050.0000,126.12,124.86,126.9
2015-06-29,124.53,49043410.0000,126.47,124.48,125.57
2015-06-26,126.75,43986290.0000,127.99,126.51,125.46
2015-06-25,127.5,31872390.0000,129.2,127.5,127.67
2015-06-24,128.11,55077520.0000,129.8,127.12,128.86
2015-06-23,127.03,30192140.0000,127.61,126.8792,127.21
2015-06-22,127.61,33976180.0000,128.06,127.08,127.48
2015-06-19,126.6,54361530.0000,127.82,126.4,127.49
2015-06-18,127.88,35363990.0000,128.31,127.22,127.71
2015-06-17,127.3,32858900.0000,127.88,126.74,127.23
2015-06-16,127.6,31443650.0000,127.85,126.37,127.72
2015-06-15,126.92,43896960.0000,127.24,125.71,127.03
2015-06-12,127.17,36826260.0000,128.33,127.11,126.1
2015-06-11,128.59,35344520.0000,130.18,128.475,128.185
2015-06-10,128.88,39029190.0000,129.34,127.85,129.18
2015-06-09,127.42,56002840.0000,128.08,125.62,127.92
2015-06-08,127.8,52609900.0000,129.21,126.83,126.7
2015-06-05,128.65,35577760.0000,129.69,128.36,128.9
2015-06-04,129.36,38335980.0000,130.58,128.91,129.5
2015-06-03,130.12,30939810.0000,130.94,129.9,129.58
2015-06-02,129.96,33595980.0000,130.655,129.32,130.66
2015-06-01,130.535,32016020.0000,131.39,130.05,129.86
2015-05-29,130.28,50474170.0000,131.45,129.9,131.2
2015-05-28,131.78,30678840.0000,131.95,131.1,131.23
2015-05-27,132.045,45771120.0000,132.26,130.05,131.86
2015-05-26,129.62,70544670.0000,132.91,129.12,130.34
2015-05-22,132.54,45469340.0000,132.97,131.4,132.6
2015-05-21,131.39,39589780.0000,131.63,129.83,131.6
2015-05-20,130.06,36261170.0000,130.98,129.34,130.07
2015-05-19,130.07,44395440.0000,130.88,129.64,130.0
2015-05-18,130.19,50723240.0000,130.72,128.36,130.69
2015-05-15,128.77,38128470.0000,129.49,128.21,128.38
2015-05-14,128.95,45123920.0000,128.95,127.16,129.07
2015-05-13,126.01,34611600.0000,127.19,125.87,127.41
2015-05-12,125.865,48073450.0000,126.88,124.82,126.15
2015-05-11,126.32,41920740.0000,127.56,125.625,125.6
2015-05-08,127.62,55473820.0000,127.62,126.11,127.39
2015-05-07,125.26,42653920.0000,126.08,124.02,126.68
2015-05-06,125.01,72037370.0000,126.75,123.36,124.77
2015-05-05,125.8,49127770.0000,128.4498,125.78,126.56
2015-05-04,128.7,50905020.0000,130.57,128.26,128.15
2015-05-01,128.95,57349000.0000,130.13,125.3,129.5
2015-04-30,125.15,82924980.0000,127.88,124.58,126.1
2015-04-29,128.64,63063240.0000,131.59,128.3,127.5
2015-04-28,130.56,118693700.0000,134.54,129.57,130.16
2015-04-27,132.65,95084260.0000,133.13,131.15,134.455
2015-04-24,130.28,44209710.0000,130.63,129.23,132.31
2015-04-23,129.67,45596690.0000,130.42,128.14,130.49
2015-04-22,128.62,37575420.0000,128.87,126.32,128.3
2015-04-21,126.91,32341380.0000,128.2,126.67,126.99
2015-04-20,127.6,46975110.0000,128.12,125.17,128.1
2015-04-17,124.75,51481310.0000,126.14,124.46,125.57
2015-04-16,126.17,28020240.0000,127.1,126.11,125.55
2015-04-15,126.78,28922420.0000,127.13,126.01,126.28
2015-04-14,126.3,25418280.0000,127.29,125.91,126.41
2015-04-13,126.85,36248620.0000,128.57,126.61,127.0
2015-04-10,127.1,40125760.0000,127.21,125.26,128.37
2015-04-09,126.56,32244360.0000,126.58,124.66,125.95
2015-04-08,125.6,37272090.0000,126.4,124.97,125.85
2015-04-07,126.01,34894810.0000,128.1218,125.98,125.85
2015-04-06,127.35,36917490.0000,127.51,124.33,127.64
2015-04-02,125.32,32171410.0000,125.56,124.19,124.47
2015-04-01,124.25,40463140.0000,125.12,123.1,125.03
2015-03-31,124.43,42019420.0000,126.49,124.355,124.82
2015-03-30,126.37,46974980.0000,126.4,124.0,126.09
2015-03-27,123.25,39471720.0000,124.7,122.91,124.05
2015-03-26,124.24,47409610.0000,124.88,122.6,124.57
2015-03-25,123.38,51505600.0000,126.82,123.38,122.76
2015-03-24,126.69,32747200.0000,128.04,126.56,126.54
2015-03-23,127.21,37597600.0000,127.85,126.52,127.23
2015-03-20,125.9,68516180.0000,128.4,125.16,127.12
2015-03-19,127.495,45674520.0000,129.2451,127.4,128.25
2015-03-18,128.47,65118170.0000,129.16,126.37,128.75
2015-03-17,127.04,50891230.0000,127.32,125.65,127.0
2015-03-16,124.95,35816300.0000,124.95,122.87,125.9
2015-03-13,123.59,51744670.0000,125.3951,122.58,123.88
2015-03-12,124.45,48233270.0000,124.9,121.63,124.4
2015-03-11,122.24,68812690.0000,124.77,122.11,122.31
2015-03-10,124.51,68720360.0000,127.22,123.8,124.75
2015-03-09,127.14,88410240.0000,129.57,125.06,126.41
2015-03-06,126.6,72699680.0000,129.37,126.26,127.96
2015-03-05,126.41,56391280.0000,128.75,125.76,128.4
2015-03-04,128.54,31588480.0000,129.56,128.32,128.58
2015-03-03,129.36,37749900.0000,129.52,128.09,129.1
2015-03-02,129.09,48042680.0000,130.28,128.3,128.96
2015-02-27,128.46,61931350.0000,130.57,128.24,129.25
2015-02-26,130.415,91171830.0000,130.87,126.61,130.0
2015-02-25,128.79,74555120.0000,131.6,128.15,128.785
2015-02-24,132.17,69109410.0000,133.6,131.17,131.56
2015-02-23,133.0,73089250.0000,133.0,129.66,132.94
2015-02-20,129.495,48878410.0000,129.5,128.05,130.02
2015-02-19,128.45,37295460.0000,129.03,128.33,128.62
2015-02-18,128.715,44695980.0000,128.78,127.45,128.48
2015-02-17,127.83,63014110.0000,128.88,126.92,127.625
2015-02-13,127.08,53955650.0000,127.28,125.65,127.49
2015-02-12,126.46,74374630.0000,127.48,125.57,127.28
2015-02-11,124.88,73278020.0000,124.92,122.5,126.06
2015-02-10,122.02,61845390.0000,122.15,120.16,122.77
2015-02-09,119.72,37900780.0000,119.84,118.43,120.17
2015-02-06,118.93,43633660.0000,120.25,118.45,118.55
2015-02-05,119.94,42197110.0000,120.23,119.25,120.02
2015-02-04,119.56,69975180.0000,120.51,118.309,120.02
2015-02-03,118.65,51842080.0000,119.09,117.61,118.5
2015-02-02,118.63,62542440.0000,119.17,116.08,118.5
2015-01-30,117.16,83646800.0000,120.0,116.85,118.05
2015-01-29,118.9,84132130.0000,119.19,115.56,118.4
2015-01-28,115.31,146184300.0000,118.12,115.31,116.32
2015-01-27,109.14,92326640.0000,112.48,109.03,117.625
2015-01-26,113.1,55457420.0000,114.3626,112.8,112.42
2015-01-23,112.98,46420020.0000,113.75,111.53,113.74
2015-01-22,112.4,53717440.0000,112.47,109.72,112.3
2015-01-21,109.55,48482860.0000,111.06,108.27,110.26
2015-01-20,108.72,49742320.0000,108.9667,106.5,108.95
2015-01-16,105.99,78453330.0000,107.58,105.2,107.84
2015-01-15,106.82,59808470.0000,110.06,106.66,107.03
2015-01-14,109.8,48728190.0000,110.49,108.5,110.0
2015-01-13,110.22,66969980.0000,112.8,108.91,109.04
2015-01-12,109.25,49571170.0000,112.63,108.8,111.43
2015-01-09,112.01,53645730.0000,113.25,110.21,112.6
2015-01-08,111.89,59168760.0000,112.15,108.7,112.67
2015-01-07,107.75,39983350.0000,108.2,106.695,109.23
2015-01-06,106.26,65682250.0000,107.43,104.63,107.2
2015-01-05,106.25,64210880.0000,108.65,105.41,106.54
2015-01-02,109.33,53143770.0000,111.44,107.35,108.29
2014-12-31,110.38,41304780.0000,113.13,110.21,111.39
2014-12-30,112.52,29798660.0000,113.92,112.11,112.82
2014-12-29,113.91,27533430.0000,114.77,113.7,113.64
2014-12-26,113.99,33681200.0000,114.52,112.01,113.79
2014-12-24,112.01,14479610.0000,112.71,112.01,112.1
2014-12-23,112.54,25991030.0000,113.33,112.46,112.58
2014-12-22,112.94,45097060.0000,113.49,111.97,113.23
2014-12-19,111.78,86595830.0000,113.24,111.66,112.16
2014-12-18,112.65,58785590.0000,112.65,110.66,112.26
2014-12-17,109.41,53265930.0000,109.84,106.82,111.87
2014-12-16,106.745,60651790.0000,110.16,106.26,107.12
2014-12-15,108.225,67083260.0000,111.6,106.35,106.37
2014-12-12,109.73,55873820.0000,111.87,109.58,110.7
2014-12-11,111.62,41404690.0000,113.8,111.34,110.46
2014-12-10,111.95,44475360.0000,114.85,111.54,112.26
2014-12-09,114.12,60112240.0000,114.3,109.35,114.41
2014-12-08,112.4,57445030.0000,114.648,111.62,110.19
2014-12-05,115.0,38230970.0000,116.08,114.64,114.1
2014-12-04,115.49,42068020.0000,117.2,115.29,115.99
2014-12-03,115.93,42956200.0000,116.35,115.11,115.77
2014-12-02,114.63,59205320.0000,115.75,112.75,115.75
2014-12-01,115.07,83657780.0000,119.25,111.27,113.5
2014-11-28,118.93,24814400.0000,119.4,118.05,118.81
2014-11-26,119.0,40756950.0000,119.1,117.83,119.27
2014-11-25,117.6,68719930.0000,119.75,117.45,117.94
2014-11-24,118.625,46867340.0000,118.77,116.62,119.07
2014-11-21,116.47,56759320.0000,117.57,116.03,116.85
2014-11-20,116.31,43148650.0000,116.86,114.85,117.51
2014-11-19,114.67,41815550.0000,115.74,113.8,114.91
2014-11-18,115.47,44163250.0000,115.69,113.89,115.44
2014-11-17,113.99,46687710.0000,117.28,113.3,113.94
2014-11-14,114.18,43789060.0000,114.19,113.05,114.27
2014-11-13,112.82,59418180.0000,113.45,111.6,113.15
2014-11-12,111.25,46372630.0000,111.43,109.37,111.8
2014-11-11,109.7,27330410.0000,109.75,108.4,109.38
2014-11-10,108.83,27066060.0000,109.33,108.67,108.7
2014-11-07,109.01,33655280.0000,109.32,108.55,109.02
2014-11-06,108.7,34733740.0000,108.79,107.8,108.75
2014-11-05,108.86,37365530.0000,109.3,108.125,108.6
2014-11-04,108.6,41423660.0000,109.49,107.72,109.1
2014-11-03,109.4,52154490.0000,110.3,108.01,109.36
2014-10-31,108.0,44550790.0000,108.04,107.21,108.22
2014-10-30,106.98,40572000.0000,107.35,105.9,108.01
2014-10-29,107.34,52545580.0000,107.37,106.36,106.959
2014-10-28,106.74,47689070.0000,106.74,105.35,106.65
2014-10-27,105.11,34086120.0000,105.48,104.7,105.4
2014-10-24,105.22,46937880.0000,105.49,104.53,104.85
2014-10-23,104.83,70760150.0000,105.051,103.63,105.18
2014-10-22,102.99,68140010.0000,104.11,102.6,104.08
2014-10-21,102.47,93786680.0000,103.02,101.27,102.84
2014-10-20,99.76,75705040.0000,99.96,98.22,103.02
2014-10-17,97.67,67723910.0000,99.0,96.81,98.315
2014-10-16,96.26,72017830.0000,97.72,95.41,97.5
2014-10-15,97.54,99942790.0000,99.15,95.18,95.55
2014-10-14,98.75,63287170.0000,100.52,98.57,97.97
2014-10-13,99.81,53437060.0000,101.78,99.81,100.39
2014-10-10,100.73,66249770.0000,102.03,100.3,101.33
2014-10-09,101.02,77283330.0000,102.38,100.61,100.69
2014-10-08,100.8,57329820.0000,101.11,98.31,101.54
2014-10-07,98.75,42003200.0000,100.12,98.73,98.76
2014-10-06,99.62,36780620.0000,100.65,99.42,99.43
2014-10-03,99.62,43419580.0000,100.21,99.04,99.95
2014-10-02,99.9,47697150.0000,100.22,98.04,99.44
2014-10-01,99.18,51400260.0000,100.69,98.7,99.27
2014-09-30,100.75,55119980.0000,101.54,100.53,100.59
2014-09-29,100.11,49263260.0000,100.435,98.63,100.81
2014-09-26,100.75,62276770.0000,100.75,98.4,98.65
2014-09-25,97.87,99689300.0000,100.71,97.72,98.53
2014-09-24,101.75,59974260.0000,102.85,101.2,100.51
2014-09-23,102.64,63255860.0000,102.94,100.54,102.16
2014-09-22,101.06,52421660.0000,102.14,100.58,100.6
2014-09-19,100.96,70747430.0000,102.35,100.88,101.8
2014-09-18,101.79,36971170.0000,102.35,101.56,102.29
2014-09-17,101.58,60783090.0000,101.8,100.5922,101.93
2014-09-16,100.86,66754370.0000,101.26,98.89,101.27
2014-09-15,101.63,61169670.0000,103.05,101.44,99.8
2014-09-12,101.66,62826040.0000,102.19,101.08,102.81
2014-09-11,101.43,62077230.0000,101.44,99.62,101.21
2014-09-10,101.0,100352500.0000,101.11,97.76,100.41
2014-09-09,97.99,189419500.0000,103.08,96.14,98.01
2014-09-08,98.36,46176570.0000,99.31,98.05,99.08
2014-09-05,98.97,58280030.0000,99.39,98.31,99.3
2014-09-04,98.12,85537710.0000,100.09,97.79,98.8
2014-09-03,98.94,125000400.0000,103.2,98.58,98.85
2014-09-02,103.3,53227770.0000,103.74,102.72,103.1
2014-08-29,102.5,44516120.0000,102.9,102.2,103.06
2014-08-28,102.25,68368740.0000,102.78,101.56,102.86
2014-08-27,102.13,46807000.0000,102.57,100.7,101.59
2014-08-26,100.889,33079170.0000,101.5,100.86,101.02
2014-08-25,101.54,40087220.0000,102.17,101.28,101.42
2014-08-22,101.32,44028280.0000,101.47,100.19,101.79
2014-08-21,100.58,33377530.0000,100.94,100.11,100.29
2014-08-20,100.57,52565000.0000,101.09,99.95,100.57
2014-08-19,100.53,69189840.0000,100.68,99.32,100.44
2014-08-18,99.16,47285630.0000,99.37,97.98,99.41
2014-08-15,97.98,48938120.0000,98.19,96.86,98.49
2014-08-14,97.5,28056530.0000,97.57,96.8,97.9
2014-08-13,97.24,31866630.0000,97.24,96.04,97.33
2014-08-12,95.97,33485870.0000,96.88,95.61,96.15
2014-08-11,95.99,36459430.0000,96.08,94.8355,96.04
2014-08-08,94.74,41783300.0000,94.82,93.28,95.27
2014-08-07,94.48,46553350.0000,95.95,94.1,94.26
2014-08-06,94.96,38463700.0000,95.48,94.71,94.93
2014-08-05,95.12,55861030.0000,95.68,94.36,94.75
2014-08-04,95.59,39860740.0000,96.58,95.17,95.36
2014-08-01,96.13,48379730.0000,96.62,94.81,96.37
2014-07-31,95.6,56625420.0000,97.45,95.33,94.9
2014-07-30,98.15,32978480.0000,98.7,97.67,97.16
2014-07-29,98.38,42957960.0000,99.44,98.25,98.44
2014-07-28,99.02,54926940.0000,99.24,97.55,99.33
2014-07-25,97.671,43384590.0000,97.84,96.64,97.82
2014-07-24,97.03,45609040.0000,97.32,96.42,96.85
2014-07-23,97.19,90937230.0000,97.88,95.17,97.035
2014-07-22,94.72,54297530.0000,94.89,94.12,95.42
2014-07-21,93.939,38792960.0000,95.0,93.72,94.68
2014-07-18,94.43,49838110.0000,94.74,93.02,94.99
2014-07-17,93.0899,57111160.0000,95.279,92.57,93.62
2014-07-16,94.78,53323940.0000,97.1,94.74,95.03
2014-07-15,95.32,45187420.0000,96.85,95.03,96.97
2014-07-14,96.45,42643760.0000,96.89,95.65,96.8
2014-07-11,95.22,33960300.0000,95.89,94.8625,95.86
2014-07-10,95.035,39633800.0000,95.55,93.52,95.36
2014-07-09,95.39,36267350.0000,95.95,94.76,93.76
2014-07-08,95.35,65111960.0000,96.8,93.92,95.44
2014-07-07,95.968,54809030.0000,95.99,94.1,96.27
2014-07-03,94.03,22891750.0000,94.1,93.2,94.14
2014-07-02,93.48,28414310.0000,94.06,93.09,93.67
2014-07-01,93.52,38156280.0000,94.07,93.13,93.865
2014-06-30,92.93,49474230.0000,93.725,92.09,93.52
2014-06-27,91.98,61758200.0000,92.0,90.77,92.1
2014-06-26,90.9,32528680.0000,91.05,89.8,90.82
2014-06-25,90.36,36835900.0000,90.7,89.65,90.37
2014-06-24,90.28,38977670.0000,91.74,90.19,90.21
2014-06-23,90.83,43611710.0000,91.62,90.6,90.75
2014-06-20,90.91,100478600.0000,92.55,90.9,91.32
2014-06-19,91.86,35476080.0000,92.3,91.3389,91.85
2014-06-18,92.18,33314720.0000,92.29,91.35,92.29
2014-06-17,92.08,29684620.0000,92.7,91.8,92.27
2014-06-16,92.2,35371460.0000,92.75,91.45,92.31
2014-06-13,91.28,54406640.0000,92.44,90.88,91.51
2014-06-12,92.29,54628650.0000,94.12,91.9,92.2
2014-06-11,93.86,45528740.0000,94.76,93.47,94.04
2014-06-10,94.25,62563070.0000,95.05,93.57,94.13
2014-06-09,93.7,75295450.0000,93.88,91.75,94.73
2014-06-06,92.2243,87403076.0000,93.0371,92.0671,92.7
2014-06-05,92.4785,75796583.0000,92.7671,91.8014,92.8428
2014-06-04,92.1171,83735285.0000,92.5557,90.8728,92.3143
2014-06-03,91.0771,73043412.0000,91.2485,89.75,91.0628
2014-06-02,89.8071,92179668.0000,90.69,88.9285,89.78
2014-05-30,90.4285,140860202.0000,92.0243,89.8428,90.5657
2014-05-29,90.7685,93737728.0000,90.9814,89.6814,91.14
2014-05-28,89.1443,78793704.0000,89.9757,89.1114,89.6928
2014-05-27,89.3757,86840486.0000,89.4085,87.9471,89.4314
2014-05-23,87.7328,57918367.0000,87.8184,86.6385,87.9828
2014-05-22,86.7528,50142667.0000,87.1214,86.3,86.75
2014-05-21,86.6157,49184983.0000,86.6714,86.0085,86.6571
2014-05-20,86.3871,58232373.0000,86.6285,85.8185,86.2614
2014-05-19,86.37,78819884.0000,86.7614,85.3328,86.3585
2014-05-16,85.3585,68960136.0000,85.3614,83.6285,85.4071
2014-05-15,84.1171,57427744.0000,85.2285,84.0057,84.09
2014-05-14,84.8385,41505203.0000,85.3428,84.5343,84.9571
2014-05-13,84.8228,39854512.0000,84.9343,84.3857,84.6328
2014-05-12,84.69,53184042.0000,84.8085,83.9143,84.5714
2014-05-09,83.6489,72767192.0000,83.75,82.9043,83.9271
2014-05-08,83.9985,57243511.0000,84.9157,83.7714,83.5057
2014-05-07,84.6185,70532231.0000,85.3271,83.9614,84.0357
2014-05-06,84.9157,93468228.0000,86.3442,84.9157,85.0357
2014-05-05,85.8514,71523851.0000,85.8571,84.2857,85.9714
2014-05-02,84.6543,47673150.0000,84.8857,84.2443,84.3057
2014-05-01,84.4971,60958860.0000,84.9714,83.7657,84.62
2014-04-30,84.2985,114029614.0000,85.6328,84.2571,84.5714
2014-04-29,84.6185,84049445.0000,85.14,84.2157,84.6628
2014-04-28,84.87,167001640.0000,85.1071,81.7928,84.82
2014-04-25,81.7057,97435199.0000,81.7128,80.5657,81.8285
2014-04-24,81.11,189588407.0000,81.4285,80.1043,80.6471
2014-04-23,74.9643,93473618.0000,75.8757,74.9214,81.1728
2014-04-22,75.957,50607747.0000,75.9751,75.2144,75.58
2014-04-21,75.8814,45546494.0000,76.02,74.8514,75.4728
2014-04-17,74.9914,70978621.0000,75.3943,74.1714,75.0485
2014-04-16,74.1443,52515794.0000,74.4414,73.4479,74.2857
2014-04-15,73.9942,66461884.0000,74.52,73.0471,74.0071
2014-04-14,74.5257,51252748.0000,74.5943,73.8871,74.3243
2014-04-11,74.23,67920698.0000,74.69,73.8771,74.5571
2014-04-10,74.7828,59701814.0000,76.0343,74.7385,74.1428
2014-04-09,75.76,51357706.0000,75.7843,74.5743,75.8114
2014-04-08,74.7771,60880929.0000,75.16,74.1,74.6628
2014-04-07,74.7814,72146992.0000,75.8428,74.5557,75.0271
2014-04-04,75.9743,68615246.0000,77.1428,75.7971,75.4314
2014-04-03,76.97,40472773.0000,77.5,76.8057,77.1157
2014-04-02,77.5071,44803807.0000,77.64,77.18,77.3414
2014-04-01,77.3785,50069657.0000,77.41,76.6814,77.4828
2014-03-31,76.6771,41787976.0000,77.2585,76.5614,76.8228
2014-03-28,76.6943,49703046.0000,76.9914,76.3214,77.0328
2014-03-27,76.78,55330425.0000,77.3571,76.4457,76.9028
2014-03-26,77.1114,74394902.0000,78.4285,76.98,77.145
2014-03-25,77.8557,70284361.0000,77.9643,77.0843,78.0743
2014-03-24,77.0271,88674487.0000,77.2143,76.4371,77.3571
2014-03-21,76.1243,93431688.0000,76.25,75.19,76.9171
2014-03-20,75.5285,52017415.0000,76.0957,75.3357,75.99
2014-03-19,75.8943,56077605.0000,76.6057,75.5714,75.6985
2014-03-18,75.9143,52279152.0000,75.9957,75.0286,76.0371
2014-03-17,75.2485,49725201.0000,75.71,75.1214,75.1285
2014-03-14,74.9557,59166181.0000,75.8414,74.7143,75.3857
2014-03-13,75.8071,64314038.0000,77.0943,75.5943,75.5414
2014-03-12,76.6585,49819071.0000,76.7643,76.0,76.7771
2014-03-11,76.5843,69791288.0000,76.9628,76.0843,76.3585
2014-03-10,75.8457,44638950.0000,76.19,75.477,76.4928
2014-03-07,75.7771,55164427.0000,75.9971,75.15,75.48
2014-03-06,75.8214,46363282.0000,76.3485,75.4428,75.87
2014-03-05,76.0514,50000910.0000,76.3928,75.59,76.1128
2014-03-04,75.8914,64772440.0000,76.0914,75.3957,75.8457
2014-03-03,75.3943,59671581.0000,75.8071,74.6871,75.8571
2014-02-28,75.1771,92930208.0000,76.1071,74.5885,74.7743
2014-02-27,75.3814,75444623.0000,75.54,73.7214,75.5828
2014-02-26,73.9071,69024270.0000,75.0,73.6571,73.8771
2014-02-25,74.58,57961606.0000,75.6521,74.4285,74.8014
2014-02-24,75.3643,72208942.0000,75.7028,74.6314,75.6257
2014-02-21,75.0357,69688045.0000,76.3671,74.9428,74.7357
2014-02-20,75.8785,76457383.0000,76.7143,75.5714,76.1133
2014-02-19,76.7671,78415914.0000,78.1271,76.3357,76.1414
2014-02-18,77.9985,65048101.0000,78.7414,77.9443,77.8214
2014-02-14,77.7128,68395257.0000,77.9971,77.3157,78.0
2014-02-13,77.7757,76790093.0000,77.8357,76.3143,77.4957
2014-02-12,76.56,76994423.0000,77.08,76.1771,76.38
2014-02-11,76.5657,70489461.0000,76.8214,75.6428,76.7071
2014-02-10,75.57,86342646.0000,75.9985,74.0,75.8014
2014-02-07,74.24,93444918.0000,74.7042,73.9114,74.0943
2014-02-06,73.2157,64415139.0000,73.3571,72.5443,74.4828
2014-02-05,73.2271,82072855.0000,73.6114,72.3217,72.8657
2014-02-04,72.6843,94166758.0000,72.78,71.8228,72.3657
2014-02-03,71.6471,100347900.0000,72.5328,71.3286,72.2643
2014-01-31,71.5143,116191705.0000,71.6471,70.5071,71.8014
2014-01-30,71.3974,169602001.0000,72.3571,70.9571,70.74
2014-01-29,71.5357,125679438.0000,72.4814,71.2314,71.7914
2014-01-28,72.3571,266302550.0000,73.5714,71.7243,71.9928
2014-01-27,78.6428,135926881.0000,79.2571,77.9643,72.68
2014-01-24,78.01,107943182.0000,79.3743,77.8214,78.5814
2014-01-23,79.4543,100803600.0000,79.5,77.8295,79.1428
2014-01-22,78.7871,94941728.0000,79.6128,78.2585,78.5628
2014-01-21,78.4385,81897015.0000,78.5814,77.2028,78.7021
2014-01-17,77.2385,106660852.0000,78.8671,77.1285,77.2843
2014-01-16,79.1785,57313035.0000,79.55,78.8114,78.7828
2014-01-15,79.6228,97888589.0000,80.0285,78.8085,79.2714
2014-01-14,78.0557,83082535.0000,78.1043,76.8085,79.0743
2014-01-13,76.5328,94612448.0000,77.5,75.6971,76.8885
2014-01-10,76.1343,76235553.0000,77.2571,75.8728,75.7014
2014-01-09,76.6455,69762819.0000,78.1228,76.4786,77.1185
2014-01-08,77.6371,64158428.0000,77.9371,76.9557,78.1143
2014-01-07,77.1482,80172914.0000,77.9943,76.8464,76.9728
2014-01-06,77.7043,103132361.0000,78.1143,76.2285,77.76
2014-01-03,77.2828,98046999.0000,79.1,77.2043,76.7785
2014-01-02,79.0185,58661530.0000,79.5757,78.8601,78.98
2013-12-31,80.1457,55761100.0000,80.1828,79.1428,79.3828
2013-12-30,79.2171,63265305.0000,80.0128,78.903,79.1671
2013-12-27,80.0128,56385717.0000,80.63,79.9285,79.6371
2013-12-26,80.5571,50906710.0000,81.3571,80.4823,80.5457
2013-12-24,81.0957,41888748.0000,81.6971,80.8614,81.1571
2013-12-23,81.4414,125072328.0000,81.5314,80.3943,81.4128
2013-12-20,78.4314,108738663.0000,78.8014,77.831,81.1428
2013-12-19,77.78,79939814.0000,78.5714,77.6757,77.9185
2013-12-18,78.6814,141217062.0000,78.7785,76.9714,78.5
2013-12-17,79.2843,57137328.0000,79.92,79.0535,78.5285
2013-12-16,79.6428,70547981.0000,80.377,79.2871,79.4014
2013-12-13,79.2043,82974455.0000,80.4114,79.0957,79.2885
2013-12-12,80.0771,65465763.0000,80.7628,80.0043,80.4071
2013-12-11,80.1943,89783987.0000,81.5671,79.9557,80.306
2013-12-10,80.7928,69101620.0000,81.1257,80.1714,81.0
2013-12-09,80.9185,79945274.0000,81.3685,80.1286,80.5114
2013-12-06,80.0028,85919076.0000,80.9643,79.9385,80.1286
2013-12-05,81.1287,111600823.0000,82.1622,80.9157,80.8271
2013-12-04,80.7143,94279248.0000,81.3128,80.1171,81.8071
2013-12-03,80.9031,112338274.0000,80.9114,79.6685,80.7857
2013-12-02,78.7471,117918255.0000,80.6185,78.6885,79.7571
2013-11-29,79.4385,79532274.0000,79.7614,78.2585,79.7143
2013-11-27,77.9943,90644497.0000,78.0,76.2,78.4971
2013-11-26,76.2,99957720.0000,76.5914,74.8571,76.6157
2013-11-25,74.82,57270811.0000,75.1243,74.4285,74.8743
2013-11-22,74.2571,55833466.0000,74.5943,74.0757,74.4314
2013-11-21,74.448,65382638.0000,74.4585,73.3814,74.2171
2013-11-20,73.5714,48459468.0000,74.3457,73.4757,73.9428
2013-11-19,74.2214,52105335.0000,74.7685,73.9957,74.1757
2013-11-18,74.0898,60997871.0000,75.3128,74.0285,74.1471
2013-11-15,74.9987,79339984.0000,75.5843,74.9271,74.9985
2013-11-14,75.4514,70401611.0000,75.6114,74.5528,75.2257
2013-11-13,74.3763,49154022.0000,74.6071,73.8514,74.6871
2013-11-12,74.2871,51067815.0000,74.8457,73.8571,74.0
2013-11-11,74.1497,56747589.0000,74.5243,73.4871,73.9528
2013-11-08,74.3657,69617240.0000,74.4471,73.2271,74.2843
2013-11-07,73.2131,65542966.0000,74.7414,73.1971,73.5114
2013-11-06,74.4171,55716622.0000,74.98,74.0285,74.2257
2013-11-05,75.0641,66243519.0000,75.555,74.7143,74.8785
2013-11-04,75.25,61011871.0000,75.26,74.1157,74.94
2013-11-01,74.29,68524519.0000,74.9714,73.6914,74.4428
2013-10-31,74.6717,68774804.0000,75.3557,74.4671,74.86
2013-10-30,74.9851,88125406.0000,75.36,73.86,75.0
2013-10-29,73.8111,158499648.0000,77.0357,73.5057,74.23
2013-10-28,75.6965,124205797.0000,75.8571,74.7443,76.61
2013-10-25,75.1368,84316215.0000,76.1757,75.0157,75.5771
2013-10-24,75.9871,96004539.0000,76.0671,74.6357,75.9021
2013-10-23,74.9943,78237833.0000,75.0957,74.1428,75.0
2013-10-22,74.2668,133200030.0000,75.4928,72.5757,74.1428
2013-10-21,74.4803,98700380.0000,74.9,73.0743,75.2007
2013-10-18,72.6985,72195292.0000,72.7514,72.2443,73.11
2013-10-17,72.0714,63116954.0000,72.1114,71.3828,72.2843
2013-10-16,71.5877,62449609.0000,71.79,71.3186,71.4257
2013-10-15,71.24,79715744.0000,71.7143,70.7886,71.5414
2013-10-14,70.8628,65216780.0000,71.0828,69.9071,71.0721
2013-10-11,70.4017,66797100.0000,70.5486,69.3086,69.9757
2013-10-10,69.9483,69186523.0000,70.34,69.5771,69.57
2013-10-09,69.5126,75304273.0000,69.6843,68.3257,70.1886
2013-10-08,68.7057,72260532.0000,70.0914,68.6486,69.2343
2013-10-07,69.6786,77889233.0000,70.3786,69.3357,69.9914
2013-10-04,69.0043,64638089.0000,69.2286,68.3714,69.5086
2013-10-03,69.0586,78802384.0000,70.3357,68.6769,69.1228
2013-10-02,69.9371,71799162.0000,70.2571,69.1071,70.0728
2013-10-01,69.7086,88194286.0000,69.8771,68.3401,69.3757
2013-09-30,68.1071,64764985.0000,68.8086,67.773,68.35
2013-09-27,68.9643,56787853.0000,69.2386,68.6743,68.1786
2013-09-26,69.46,59050786.0000,69.7943,69.1286,69.1114
2013-09-25,68.79,79011544.0000,69.9486,68.7757,69.4286
2013-09-24,69.8714,90481397.0000,70.7814,69.6886,69.8857
2013-09-23,70.0914,189942957.0000,70.9871,68.9428,70.6971
2013-09-20,66.7728,174425492.0000,68.3643,66.5714,70.8714
2013-09-19,67.4714,100811930.0000,67.9757,67.0357,68.2857
2013-09-18,66.3828,113636704.0000,66.6214,65.8086,67.2428
2013-09-17,65.0457,99704600.0000,65.6728,63.9286,66.1686
2013-09-16,64.3028,136563951.0000,65.9443,63.8886,63.9943
2013-09-13,66.4143,74495492.0000,67.4042,66.3857,65.8571
2013-09-12,67.5271,100856800.0000,67.9143,66.5728,67.0486
2013-09-11,66.8157,224172687.0000,67.67,66.4014,66.9286
2013-09-10,70.6628,185372026.0000,72.4928,69.9286,66.7157
2013-09-09,72.31,84479315.0000,72.56,71.9257,72.3143
2013-09-06,71.1743,89482147.0000,71.34,69.9928,72.1428
2013-09-05,70.7528,58779242.0000,71.5257,70.52,71.2057
2013-09-04,71.2416,86016026.0000,71.7485,70.8971,71.4643
2013-09-03,69.7971,82966965.0000,71.5143,69.6214,71.3657
2013-08-30,69.6023,68053649.0000,70.4214,69.5,70.4428
2013-08-29,70.2428,59804259.0000,70.9286,70.1614,70.2857
2013-08-28,70.128,76746763.0000,70.8286,69.4286,70.2357
2013-08-27,69.7986,105846822.0000,71.7871,69.4714,69.4286
2013-08-26,71.8528,82354395.0000,72.8857,71.5,71.1428
2013-08-23,71.5743,55559766.0000,71.9071,71.3357,71.5357
2013-08-22,71.8514,60866474.0000,72.2271,71.1714,71.8957
2013-08-21,71.7657,83783025.0000,72.45,71.6,72.14
2013-08-20,71.5814,89508677.0000,72.9385,71.5457,71.9414
2013-08-19,72.5343,127401718.0000,73.3914,72.0,72.8157
2013-08-16,71.7614,90314517.0000,71.8485,71.2657,72.0485
2013-08-15,71.13,122386917.0000,71.7713,69.869,71.45
2013-08-14,71.2143,188427037.0000,72.0357,70.4857,70.9171
2013-08-13,69.9386,219450906.0000,70.6657,66.8643,71.1257
2013-08-12,66.7657,90984207.0000,66.95,65.2328,67.2771
2013-08-09,64.9214,66643940.0000,65.78,64.8071,65.2657
2013-08-08,65.8586,63939790.0000,66.3,65.4214,65.52
2013-08-07,66.4257,74622262.0000,66.7143,65.9671,66.265
2013-08-06,66.4643,83703085.0000,67.4128,66.0243,66.2571
2013-08-05,67.0643,79577704.0000,67.2386,66.0214,66.86
2013-08-02,66.0771,68411287.0000,66.1214,65.2371,66.3843
2013-08-01,65.2394,51386070.0000,65.2571,64.7514,65.43
2013-07-31,64.6471,80624904.0000,65.3346,64.2043,65.1076
2013-07-30,64.76,77240193.0000,65.3071,64.1757,64.9986
2013-07-29,63.97,62006404.0000,64.2843,62.8857,64.28
2013-07-26,62.9986,50020601.0000,63.0057,62.0486,62.9714
2013-07-25,62.6428,57358143.0000,63.0571,62.2586,62.1857
2013-07-24,62.93,147906334.0000,63.5128,62.18,62.9571
2013-07-23,59.8557,88619467.0000,60.9943,59.8157,62.7043
2013-07-22,60.9014,51912282.0000,61.3928,60.7811,60.8571
2013-07-19,60.7071,67137272.0000,61.9971,60.6214,61.3514
2013-07-18,61.6797,54658172.0000,62.1243,61.5157,61.8714
2013-07-17,61.4728,49737479.0000,61.7457,61.1743,61.9114
2013-07-16,61.4564,54028599.0000,61.53,60.5957,61.3857
2013-07-15,61.0628,60473991.0000,61.6371,60.6857,60.9314
2013-07-12,60.93,69863934.0000,61.3986,60.4871,60.7157
2013-07-11,61.0411,81567174.0000,61.1786,60.1671,61.0928
2013-07-10,60.1043,70064141.0000,60.6857,59.75,60.4214
2013-07-09,60.3357,88135556.0000,60.5,58.6257,59.9428
2013-07-08,59.2928,74476172.0000,60.1428,58.6643,59.0857
2013-07-05,59.6314,68482701.0000,60.47,59.3357,60.0157
2013-07-03,60.1143,60232176.0000,60.4257,59.6357,60.0557
2013-07-02,59.7843,117427695.0000,60.2328,58.4957,60.1228
2013-07-01,58.46,97736269.0000,58.8957,57.3171,58.5657
2013-06-28,56.6471,144584903.0000,57.1814,55.5528,57.5271
2013-06-27,56.2543,84237745.0000,57.3414,56.22,55.9086
2013-06-26,56.8671,91911848.0000,57.8271,56.5228,57.0357
2013-06-25,57.5186,78533304.0000,58.2557,56.9757,57.7
2013-06-24,57.5057,120047026.0000,58.38,56.8643,57.9571
2013-06-21,59.0714,120212576.0000,60.0,58.3,58.2
2013-06-20,59.5483,89321357.0000,60.8543,59.31,59.7843
2013-06-19,60.4286,77690993.0000,61.6657,60.4286,59.9
2013-06-18,61.6814,48375328.0000,62.1286,61.4586,61.6286
2013-06-17,61.7143,64784564.0000,62.2428,61.4802,61.6514
2013-06-14,61.4357,67955299.0000,62.3271,61.2143,61.6343
2013-06-13,62.2807,71449021.0000,62.4486,61.25,62.2
2013-06-12,61.7414,66270567.0000,63.0357,61.6428,61.7857
2013-06-11,62.5143,71515731.0000,63.2514,61.9028,62.7857
2013-06-10,62.6986,112489474.0000,64.1541,62.4,62.2486
2013-06-07,63.1158,101081990.0000,63.32,61.8243,63.5328
2013-06-06,62.6371,104167451.0000,63.8571,62.0071,62.3571
2013-06-05,63.5871,72524432.0000,64.3886,63.3871,63.6386
2013-06-04,64.1871,72575322.0000,64.9186,63.9128,63.6643
2013-06-03,64.3886,92900598.0000,64.6228,63.2114,64.7457
2013-05-31,64.2478,95688069.0000,65.3,64.2143,64.39
2013-05-30,64.5114,88354937.0000,64.9286,63.5014,64.6428
2013-05-29,63.5643,82553265.0000,63.9286,62.7714,63.6643
2013-05-28,63.0627,96311559.0000,64.4443,62.9786,62.8571
2013-05-24,63.5928,69009031.0000,63.6657,62.9086,64.2714
2013-05-23,63.1628,88239856.0000,63.7371,62.2557,62.9786
2013-05-22,63.0506,110682773.0000,64.05,62.6028,62.2786
2013-05-21,62.8086,113917824.0000,63.64,62.0286,63.4357
2013-05-20,63.2757,112529584.0000,63.6857,61.4428,62.5928
2013-05-17,61.8943,106966262.0000,62.87,61.5728,61.7014
2013-05-16,62.0826,150737695.0000,62.55,59.8428,62.7214
2013-05-15,61.2643,185168956.0000,63.0,60.3371,60.4628
2013-05-14,63.4086,111617413.0000,65.0286,63.1643,62.7371
2013-05-13,64.9628,79216224.0000,65.4143,64.5,64.8357
2013-05-10,64.71,83615305.0000,65.6728,64.3543,64.5014
2013-05-09,65.2528,99448260.0000,66.1428,65.0828,65.4243
2013-05-08,66.2628,117977895.0000,66.4814,65.1157,65.6871
2013-05-07,65.5226,120467656.0000,66.5357,64.8143,65.5771
2013-05-06,65.8157,123979417.0000,66.0286,64.9014,66.4243
2013-05-03,64.2828,90287637.0000,64.7471,64.1643,65.1014
2013-05-02,63.6457,105409532.0000,64.0843,62.9471,64.4728
2013-05-01,62.7557,126694438.0000,63.5614,62.0557,63.1114
2013-04-30,63.2543,172699362.0000,63.6071,61.7243,63.4943
2013-04-29,61.4457,159929048.0000,61.9453,60.0,62.1571
2013-04-26,59.6007,190977767.0000,59.8241,58.3214,60.0643
2013-04-25,58.34,95958899.0000,59.1343,58.1428,58.5443
2013-04-24,57.9231,242352533.0000,59.3214,56.0714,58.7464
2013-04-23,58.0186,150492275.0000,58.3401,56.9728,56.22
2013-04-22,56.9528,107226032.0000,57.4571,55.8964,57.7128
2013-04-19,55.79,152132166.0000,57.0857,55.0143,56.0914
2013-04-18,56.0071,166414970.0000,57.97,55.6774,55.4243
